first_name,last_name,Address,Zip
Morgan,Andreas,40 Kennedy Plaza,253627
Katey,Henze,6 Jackson Center,
Gerry,Poge,1161 Monument Court,
Allie,Giannini,78480 Portage Alley,J9P
Lorne,Pumfrey,3 Troy Place,92613 CEDEX
Christel,Haydney,82498 Loftsgordon Parkway,717 00
Web,Gowlett,5902 Norway Maple Park,659430
Arda,Vaneschi,44 Vera Hill,
Gay,Greatbach,682 Vahlen Junction,
Austin,Gascard,12 Cherokee Plaza,
Crissie,MacIlory,36484 Arrowood Alley,
Shaw,Vignaux,4314 Di Loreto Road,5145
Ripley,Suttill,20 Waxwing Plaza,
Quinlan,Brech,774 Morningstar Pass,2418
Dahlia,Kreutzer,947 Dawn Plaza,
Adena,Fabry,02467 Ilene Street,
Elli,D'eye,669 Fremont Avenue,8010
Ade,Grigore,1 Petterle Plaza,34-116
Amalee,Blay,53 Sutherland Pass,
Noach,Waliszek,421 Sommers Alley,
Libbi,Heisham,084 Grim Terrace,
Harwilll,Bensley,66736 Del Mar Alley,
Adams,Cianelli,20075 Becker Hill,
Dame,Sand,56843 Dexter Court,6200-723
Gavrielle,Garfirth,2 Shelley Avenue,
Wallie,Bingle,2 Cherokee Way,
Marguerite,Silman,7870 Kensington Terrace,257 22
Fitzgerald,Bohills,87242 Lunder Lane,J3H
Frank,Veck,95042 Spaight Drive,
Kerwinn,Birtley,34 Evergreen Junction,06510
Waiter,Kirvin,268 Loftsgordon Alley,7600
Raphael,Chatain,77322 Hudson Way,
Robbie,Godfery,80 Milwaukee Avenue,85246
Rosalinda,Picken,9 Anzinger Alley,433396
Egor,Rief,80 Farmco Park,10411
Isis,Argente,4 Larry Street,
Aylmer,Siaspinski,1482 Bluestem Lane,5100-419
Gardie,Blazy,7535 Debra Center,111711
Angelia,Dance,9909 Vermont Way,5043
Lemmie,Wignall,6847 Kedzie Point,23-413
Scotty,Huston,83 Sutteridge Road,
Channa,Sproson,59 Anthes Hill,84274 CEDEX
Jamill,Salerg,4339 Chinook Drive,539 43
Bethena,Konneke,31 Springs Road,40160
Jeanelle,Forbear,883 Graceland Court,
Murdock,Bradtke,3063 Barnett Junction,7020
Edee,Dunmore,05802 Miller Junction,607572
Wandis,Tasch,007 East Trail,
Dorice,Havis,9 West Circle,
Bret,Mangin,130 Clyde Gallagher Parkway,
Mollie,Gilliam,3 Fuller Crossing,111721
Adi,Hatchett,4 Nobel Circle,26017
Emmerich,Altoft,1264 Talmadge Terrace,0500
Clint,De Carolis,60 Monica Pass,
Rachele,Tankard,88168 Eagan Point,
Sydel,Nijs,314 Banding Hill,87090 CEDEX 9
Noella,Burland,42 Gina Point,6320-315
Beatrice,Das,1244 Dottie Road,62222 CEDEX
Shermy,Liebermann,5 Dayton Park,19725
Zara,Neve,247 Texas Trail,67013 CEDEX
Anton,Striker,64 Bobwhite Crossing,
Abner,World,3 Butterfield Avenue,33-160
Wildon,Lye,3035 Dottie Hill,
Meade,Torricina,92210 Rigney Point,1666
Marline,Loges,996 Orin Parkway,
Erl,Langhorne,53569 Bashford Road,
Al,Bruton,28 Service Drive,174442
Jacquette,Feldharker,2 Clove Lane,
Rawley,Doohan,551 Tennessee Crossing,666679
Coriss,Dighton,0145 Eastlawn Point,
Carlos,Dillow,954 East Avenue,77254 CEDEX
Risa,Abdee,57539 High Crossing Trail,
Annora,Beckwith,7824 Killdeer Alley,
Kala,Zamudio,44027 Gulseth Drive,
Joshuah,Stoyle,04378 Almo Pass,35430-000
Audrie,Penkman,3420 Emmet Road,T5K
Robby,Spoerl,6788 Kings Lane,611 35
Saunders,Shewsmith,668 Basil Road,
Roch,Endersby,4154 Cardinal Hill,
Jameson,Newling,5 Dixon Terrace,
Desiree,Redmond,11627 Pond Circle,
Nan,Heakins,2 Hollow Ridge Court,1151
Kathlin,Walne,3 Eggendart Circle,80500
Daisy,Mosdill,34 Monica Place,
Terri,Spuner,5901 Sherman Terrace,
Benoite,Parnham,53920 American Ash Avenue,730019
Gunilla,Culpen,7 Butterfield Pass,
Dahlia,Janos,7865 Knutson Parkway,
Adolpho,Greedyer,8804 Starling Lane,
Anthiathia,Kynder,5 Westridge Lane,678944
Ruy,Bowling,9471 Shasta Hill,
Ag,Hamelyn,25518 Namekagon Street,
Byrle,Hambling,537 Superior Road,
Wenda,Gavan,1968 Bunting Road,
Fiorenze,Gudgion,38032 Ohio Alley,
Hadria,Hyde-Chambers,845 Redwing Junction,
Fremont,Demongeot,58 Red Cloud Junction,91077 CEDEX
Stephenie,Patley,7 Lindbergh Circle,2630-015
Spike,Sedgemond,022 Tony Center,
Sullivan,Ashfield,19 Bunker Hill Junction,
