Ogden,Shovelin,1541 W BRYN MAWR AVE,CHICAGO,IL,60660,Cook
Roderigo,Shreeve,1484 N MILWAUKEE AVE,CHICAGO,IL,60622,Cook
Ferne,Hardinge,2147 W ROSCOE ST,CHICAGO,IL,60618,Cook
Shayne,Willsmore,3424 N SOUTHPORT AVE,CHICAGO,IL,60657,Cook
Kelwin,MacMarcuis,1520 E 57TH ST,CHICAGO,IL,60637,Cook
Blaire,Roxburgh,5335 N SHERIDAN RD,CHICAGO,IL,60640,Cook
Orsa,Shewen,5353 W IRVING PARK RD,CHICAGO,IL,60641,Cook
Kelcey,Ogdahl,61 E OAK ST,CHICAGO,IL,60611,Cook
Bianka,Swinn,1958 W ROSCOE ST,CHICAGO,IL,60657,Cook
Suzette,Stuther,2100 W ROSCOE ST,CHICAGO,IL,60618,Cook
Vivie,D'Antonio,2475 N LINCOLN AVE,CHICAGO,IL,60614,Cook
Jarrad,Dodgshon,501 S WELLS ST,CHICAGO,IL,60607,Cook
Albertina,Wallen,1548 N DAMEN AVE,CHICAGO,IL,60622,Cook
Jayme,Rief,1612 N SEDGWICK ST,CHICAGO,IL,60614,Cook
Fraser,Berthomieu,130 S GREEN ST,CHICAGO,IL,60607,Cook
Gill,Vickress,226 E ONTARIO ST,CHICAGO,IL,60611,Cook
Gill,Tremoulet,39 W DIVISION ST,CHICAGO,IL,60610,Cook
Rustie,Wodeland,3534 W FULLERTON AVE,CHICAGO,IL,60647,Cook
Erica,Faye,2200 N HALSTED ST,CHICAGO,IL,60614,Cook
Theodore,Torresi,1043 N RUSH ST,CHICAGO,IL,60611,Cook
Teri,O'Crigan,3257 N HALSTED ST,CHICAGO,IL,60657,Cook
Almeta,Dorsey,1025 W BELMONT AVE,CHICAGO,IL,60657,Cook
Portia,Gergus,1725 W DIVISION ST,CHICAGO,IL,60622,Cook
Katti,Brookz,517 S STATE ST,CHICAGO,IL,60605,Cook
Maire,Greenough,3139 N BROADWAY,CHICAGO,IL,60657,Cook
Alis,Drakes,5858 N LINCOLN AVE,CHICAGO,IL,60659,Cook
Kelley,Whaley,2801 W CHICAGO AVE,CHICAGO,IL,60622,Cook
Beatrisa,Grimmer,2054 W ROSCOE ST,CHICAGO,IL,60618,Cook
Early,Heikkinen,2924-2926 N BROADWAY,CHICAGO,IL,60657,Cook
Heindrick,O'Doogan,35 W VAN BUREN ST,CHICAGO,IL,60605,Cook
Jacinthe,Aston,622 N FAIRBANKS CT,CHICAGO,IL,60611,Cook
Billie,Porker,3664 N CLARK ST,CHICAGO,IL,60613,Cook
Hy,Shutle,1432 N WESTERN AVE,CHICAGO,IL,60622,Cook
Zarla,Collocott,171 W RANDOLPH ST,CHICAGO,IL,60601,Cook
Laurette,Crossfeld,115 E CHICAGO AVE,CHICAGO,IL,60611,Cook
Selena,O'Hara,945 W RANDOLPH ST,CHICAGO,IL,60607,Cook
Karim,Titterrell,2008 W ROSCOE ST,CHICAGO,IL,60618,Cook
Isador,Carlick,2807 N SHEFFIELD AVE,CHICAGO,IL,60657,Cook
Elliot,Jeandillou,1659 W DIVISION ST,CHICAGO,IL,60622,Cook
Miranda,Galton,3101 S MORGAN ST,CHICAGO,IL,60608,Cook
Abey,Kimblin,1944 N OAKLEY AVE,CHICAGO,IL,60647,Cook
Domini,Ozelton,2679 N LINCOLN AVE,CHICAGO,IL,60614,Cook
Nan,Bruckent,823-825 S STATE ST,CHICAGO,IL,60605,Cook
Barbra,Walcher,39 W DIVISION ST,CHICAGO,IL,60610,Cook
Clio,Curley,1011 W IRVING PARK RD,CHICAGO,IL,60613,Cook
Ravid,Agate,1202 N WELLS ST,CHICAGO,IL,60610,Cook
Bordy,Olivia,2473 N CLARK ST,CHICAGO,IL,60614,Cook
Vivienne,Schmuhl,616 S DEARBORN ST,CHICAGO,IL,60605,Cook
Leopold,Lago,525 S STATE ST,CHICAGO,IL,60605,Cook
Priscella,Accomb,55 E SUPERIOR ST,CHICAGO,IL,60611,Cook
Lana,Caseri,61 E MADISON ST,CHICAGO,IL,60603,Cook
Priscella,Danieli,110 W ILLINOIS ST,CHICAGO,IL,60654,Cook
Rheta,Handscombe,1344 W NEWPORT AVE,CHICAGO,IL,60657,Cook
Alwin,Caulkett,6246 N WESTERN AVE,CHICAGO,IL,60659,Cook
Errick,Gaskell,1836-1846 W DIVISION ST,CHICAGO,IL,60622,Cook
Guglielmo,Abbey,545 W MADISON ST,CHICAGO,IL,60661,Cook
Madelle,Scutching,5233 N DAMEN AVE,CHICAGO,IL,60625,Cook
Bernadette,Druitt,937 N RUSH ST,CHICAGO,IL,60611,Cook
Bill,O'Sullivan,22 E HUBBARD ST,CHICAGO,IL,60611,Cook
Lanie,Ickovits,4245 N MILWAUKEE AVE,CHICAGO,IL,60641,Cook
Irita,Riccelli,445 N DEARBORN ST,CHICAGO,IL,60610,Cook
Leah,Barnes,1600 W GRAND AVE,CHICAGO,IL,60622,Cook
Irvine,Grunguer,2116 W ROSCOE ST,CHICAGO,IL,60618,Cook
Torrance,Kliment,110 E PEARSON ST,CHICAGO,IL,60611,Cook
Elicia,Hryniewicki,177 N WELLS ST,CHICAGO,IL,60606,Cook
Lizzie,Balint,1139 N STATE ST,CHICAGO,IL,60610,Cook
Kaela,Guerreiro,1801 W DIVISION ST,CHICAGO,IL,60622,Cook
Karia,Thickins,1711 N HALSTED ST,CHICAGO,IL,60614,Cook
Corilla,Zammett,2301 W CHICAGO AVE,CHICAGO,IL,60622,Cook
Bone,Newvill,2252 N WESTERN AVE,CHICAGO,IL,60647,Cook
Oneida,Chichgar,608 W 31ST ST,CHICAGO,IL,60616,Cook
Bentlee,Faldo,521 S DEARBORN ST,CHICAGO,IL,60605,Cook
Rossy,Garvin,230 W KINZIE ST,CHICAGO,IL,60610,Cook
Sawyere,Tomaszkiewicz,2955 N SHEFFIELD AVE,CHICAGO,IL,60657,Cook
Celestina,Pottery,3311 N BROADWAY,CHICAGO,IL,60657,Cook
Barnie,Razzell,354 W HUBBARD ST,CHICAGO,IL,60654,Cook
Baxie,O'Canavan,1635 N DAMEN AVE,CHICAGO,IL,60647,Cook
Hewett,Muddiman,331 S FRANKLIN ST,CHICAGO,IL,60606,Cook
Angelina,Helder,219 W WASHINGTON ST,CHICAGO,IL,60606,Cook
Lonna,Dykas,2835 N BROADWAY,CHICAGO,IL,60657,Cook
Franchot,Python,1928 W DIVISION ST,CHICAGO,IL,60622,Cook
Sayers,Skillicorn,2732 N MILWAUKEE AVE,CHICAGO,IL,60647,Cook
Monique,Kevern,565 W DIVERSEY PKWY,CHICAGO,IL,60614,Cook
Carly,Andrus,5653 W FULLERTON AVE,CHICAGO,IL,60639,Cook
Etienne,Rothera,1914 W MONTROSE AVE,CHICAGO,IL,60613,Cook
Umberto,Manilove,1010 W WASHINGTON BLVD,CHICAGO,IL,60607,Cook
Janot,Leetham,445 N DEARBORN ST,CHICAGO,IL,60610,Cook
Vasily,Bockler,4367 N MILWAUKEE AVE,CHICAGO,IL,60641,Cook
Avril,Storcke,5317 N CLARK ST,CHICAGO,IL,60640,Cook
Natalya,Busson,733 W MAXWELL ST,CHICAGO,IL,60607,Cook
Hatty,Paten,3358 N SHEFFIELD AVE,CHICAGO,IL,60657,Cook
Linell,Rulten,3301 N CLARK ST,CHICAGO,IL,60657,Cook
Gisele,Hawler,611 S WELLS ST,CHICAGO,IL,60607,Cook
Levy,McComb,3336-3342 N MILWAUKEE AVE,CHICAGO,IL,60641,Cook
Averil,Boydon,3530 N CLARK ST,CHICAGO,IL,60657,Cook
Beryle,Bourthoumieux,1448 N WELLS ST,CHICAGO,IL,60610,Cook
Gordie,Calderbank,1035 N ASHLAND AVE,CHICAGO,IL,60622,Cook
Christophe,Haile,138 S HALSTED ST,CHICAGO,IL,60661,Cook
Myrtice,Friend,1240 N WELLS ST,CHICAGO,IL,60610,Cook
Demetri,Grgic,3706 N SOUTHPORT AVE,CHICAGO,IL,60613,Cook
Gherardo,Goodenough,2100 N HALSTED ST,CHICAGO,IL,60614,Cook
Dar,Giffard,29 W LAKE ST,CHICAGO,IL,60601,Cook
Zaccaria,Ollive,3356-3358 N PAULINA ST,CHICAGO,IL,60657,Cook
Gerrie,Lygoe,1031 N RUSH ST,CHICAGO,IL,60611,Cook
Horacio,Gianinotti,1139 N STATE ST,CHICAGO,IL,60610,Cook
Christa,Barrar,2753 N WESTERN AVE,CHICAGO,IL,60647,Cook
Chad,Libero,800 W RANDOLPH ST,CHICAGO,IL,60607,Cook
Corena,Fahy,1501 E 53RD ST,CHICAGO,IL,60615,Cook
Rheba,Skelly,1139-43 W GRAND AVE,CHICAGO,IL,60642,Cook
Vite,Prestwich,401 E ONTARIO ST,CHICAGO,IL,60611,Cook
Nelly,Basnett,1021 N WESTERN AVE,CHICAGO,IL,60622,Cook
Johannah,Antley,952-956 W ADDISON ST,CHICAGO,IL,60613,Cook
Vanni,Yeell,550 N STATE ST,CHICAGO,IL,60610,Cook
Frans,Aglione,106-108 W GERMANIA PL,CHICAGO,IL,60610,Cook
Wat,Antonescu,50 E CHICAGO AVE,CHICAGO,IL,60611,Cook
Sibelle,Charpling,710 N RUSH ST,CHICAGO,IL,60611,Cook
Allan,Town,4709 N DAMEN AVE,CHICAGO,IL,60625,Cook
Edi,Wint,4925 N BROADWAY,CHICAGO,IL,60640,Cook
Kahaleel,Rospars,1500 W JARVIS AVE,CHICAGO,IL,60626,Cook
Bessie,Grishakov,5806 N WESTERN AVE,CHICAGO,IL,60659,Cook
Shawn,Wilshin,541 N WELLS ST,CHICAGO,IL,60610,Cook
Lynda,Elles,180 W WASHINGTON ST,CHICAGO,IL,60602,Cook
Kirsten,Yvens,5101 N CLARK ST,CHICAGO,IL,60640,Cook
Idell,Roelofs,1459 W TAYLOR ST,CHICAGO,IL,60607,Cook
Jordana,Southan,150 N DEARBORN ST,CHICAGO,IL,60601,Cook
Joannes,Cholomin,1645 W CORTLAND ST,CHICAGO,IL,60622,Cook
Lanny,Patman,29 W HUBBARD ST,CHICAGO,IL,60610,Cook
Rudy,Combe,752-756 W WEBSTER AVE,CHICAGO,IL,60614,Cook
Emelen,Cawkill,608 W BARRY AVE,CHICAGO,IL,60657,Cook
Pippa,Peet,1049 W TAYLOR ST,CHICAGO,IL,60607,Cook
Cyndy,Gooch,2360 N LINCOLN AVE,CHICAGO,IL,60614,Cook
Noreen,Cockton,6340 N LINCOLN AVE,CHICAGO,IL,60659,Cook
Norri,Applegate,3019 N BROADWAY,CHICAGO,IL,60657,Cook
Sharline,Gypps,4359-61 N MILWAUKEE AVE,CHICAGO,IL,60641,Cook
Antone,Lyptrade,700 W 31ST ST,CHICAGO,IL,60616,Cook
Wittie,Dawidowitsch,2951 N BROADWAY,CHICAGO,IL,60657,Cook
Humfrid,Bines,1635 N DAMEN AVE,CHICAGO,IL,60647,Cook
Ardelis,MacKniely,1924 W DIVISION ST,CHICAGO,IL,60622,Cook
Tobye,Ivanets,1707 W DIVISION ST,CHICAGO,IL,60622,Cook
Anestassia,Gadsby,1332 N MILWAUKEE AVE,CHICAGO,IL,60642,Cook
Caren,Gibbie,401 E ONTARIO ST,CHICAGO,IL,60611,Cook
Dorri,Crush,3734-3736 N BROADWAY,CHICAGO,IL,60613,Cook
Cicily,Bretherton,958 W ARMITAGE AVE,CHICAGO,IL,60614,Cook
Benedict,Boc,1035 N ASHLAND AVE,CHICAGO,IL,60622,Cook
Pollyanna,Brookwood,1522-1526 W MONTROSE AVE,CHICAGO,IL,60613,Cook
Minda,Manifould,44 E WALTON ST,CHICAGO,IL,60611,Cook
Jodi,Pietruszewicz,4356 N LEAVITT ST,CHICAGO,IL,60618,Cook
Karyl,Bullus,770 N MILWAUKEE AVE,CHICAGO,IL,60642,Cook
Elwood,DelaField,1754 W BALMORAL AVE,CHICAGO,IL,60640,Cook
Jae,McNickle,3308 N BROADWAY,CHICAGO,IL,60657,Cook
Hayley,Drew,1617 N WELLS ST,CHICAGO,IL,60614,Cook
Lind,McComas,820 W RANDOLPH ST,CHICAGO,IL,60607,Cook
Zacherie,Bustin,203 N WABASH AVE,CHICAGO,IL,60601,Cook
Sher,Quennell,40 W LAKE ST,CHICAGO,IL,60601,Cook
Townsend,Taggerty,1615 N WELLS ST,CHICAGO,IL,60614,Cook
Linn,Tomasello,200 S HALSTED ST,CHICAGO,IL,60661,Cook
Jarid,Kilford,2101 W ARMITAGE AVE,CHICAGO,IL,60647,Cook
Dedie,Stanford,2534 W DIVISION ST,CHICAGO,IL,60622,Cook
Karine,Cowin,420 N CLARK ST,CHICAGO,IL,60610,Cook
Dennie,Bulch,546 N WELLS ST,CHICAGO,IL,60610,Cook
Kimbra,Grollmann,1112 W ARMITAGE AVE,CHICAGO,IL,60614,Cook
Brandyn,Posten,44 S WABASH AVE,CHICAGO,IL,60603,Cook
Lyndsey,Aylwin,838 N STATE ST,CHICAGO,IL,60610,Cook
Alejandra,Marquand,175 W JACKSON BLVD,CHICAGO,IL,60604,Cook
Sauncho,Cootes,26-30 W HUBBARD ST,CHICAGO,IL,60610,Cook
Hesther,Wilks,2833-35 N BROADWAY,CHICAGO,IL,60657,Cook
Barth,Chapman,3400 N SOUTHPORT AVE,CHICAGO,IL,60657,Cook
Berna,Cheesley,1011 W IRVING PARK RD,CHICAGO,IL,60613,Cook
Anna,Clemanceau,3701 N BROADWAY,CHICAGO,IL,60613,Cook
Tarrah,Brimming,937 N RUSH ST,CHICAGO,IL,60611,Cook
Bridgette,Suett,224 S MICHIGAN AVE,CHICAGO,IL,60604,Cook
Travus,McKinlay,332 E ILLINOIS ST,CHICAGO,IL,60611,Cook
Danette,Andryushchenko,41 E CHESTNUT ST,CHICAGO,IL,60611,Cook
West,Juleff,770 N MILWAUKEE AVE,CHICAGO,IL,60642,Cook
Kati,Stanney,2801 W CHICAGO AVE,CHICAGO,IL,60622,Cook
Davin,Vischi,3308 N BROADWAY,CHICAGO,IL,60657,Cook
Carlene,Beechcraft,1307 S WABASH AVE,CHICAGO,IL,60605,Cook
Cherise,Barok,520 N DEARBORN ST,CHICAGO,IL,60610,Cook
Dunstan,Oldcroft,1535 N WELLS ST,CHICAGO,IL,60610,Cook
Simonette,Plesing,3700 N CLARK ST,CHICAGO,IL,60613,Cook
Carilyn,Cauthra,224 S MICHIGAN AVE,CHICAGO,IL,60604,Cook
Alexei,Twigg,4089-91 N BROADWAY,CHICAGO,IL,60613,Cook
Lowell,Yewdall,116 S HALSTED ST,CHICAGO,IL,60661,Cook
Weylin,Bodleigh,1528 N WELLS ST,CHICAGO,IL,60610,Cook
Willy,Gansbuhler,610 S DEARBORN ST,CHICAGO,IL,60605,Cook
Lita,Ferenczy,189 N MICHIGAN AVE,CHICAGO,IL,60601,Cook
Keven,Wyse,6004 W BELMONT AVE,CHICAGO,IL,60634,Cook
Gusti,Everton,3937 N LINCOLN AVE,CHICAGO,IL,60613,Cook
Ashlee,Golsby,1622 W BELMONT AVE,CHICAGO,IL,60657,Cook
Ingaborg,De Witt,57 E CHICAGO AVE,CHICAGO,IL,60611,Cook
Jeffry,Shipman,2022 W ROSCOE ST,CHICAGO,IL,60618,Cook
Arlina,Syder,44 S WABASH AVE,CHICAGO,IL,60603,Cook
Tedd,Carlow,1355 S MICHIGAN AVE,CHICAGO,IL,60605,Cook
Tracy,Bellingham,1417-1419 N WELLS ST,CHICAGO,IL,60610,Cook
Ebonee,Beddard,1616 N DAMEN AVE,CHICAGO,IL,60647,Cook
Lucienne,Tinwell,3341 N LINCOLN AVE,CHICAGO,IL,60657,Cook
Sterne,Birkin,1535 N WELLS ST,CHICAGO,IL,60610,Cook
Fabe,Medgewick,1301 S WABASH AVE,CHICAGO,IL,60605,Cook
Ingra,Escritt,1437 N WELLS ST,CHICAGO,IL,60610,Cook
Karrah,Geal,3856 N ASHLAND AVE,CHICAGO,IL,60613,Cook
Abbot,Suttling,339 N DEARBORN ST,CHICAGO,IL,60654,Cook
Elvis,Merrill,1028 N RUSH ST,CHICAGO,IL,60611,Cook
Michel,O'Crevan,3937 N LINCOLN AVE,CHICAGO,IL,60613,Cook
Carrie,Tire,2607 N MILWAUKEE AVE,CHICAGO,IL,60647,Cook
Sascha,Lawful,3715-17 N HALSTED ST,CHICAGO,IL,60613,Cook
Beth,Dresche,3868 N LINCOLN AVE,CHICAGO,IL,60613,Cook
Gweneth,Lamplugh,4337 N LINCOLN AVE,CHICAGO,IL,60618,Cook
Emmy,Laight,1480 W WEBSTER AVE,CHICAGO,IL,60614,Cook
Babs,Middleweek,1535 N WELLS ST,CHICAGO,IL,60610,Cook
Rutledge,Andreone,75 E WACKER DR,CHICAGO,IL,60601,Cook
Sofia,Bussell,901-03 W ARMITAGE AVE,CHICAGO,IL,60614,Cook
Stanley,Rawet,323-25 N JEFFERSON ST,CHICAGO,IL,60661,Cook
Gabriel,Bathurst,1914 W MONTROSE AVE,CHICAGO,IL,60613,Cook
Curcio,Haggas,1325 S HALSTED ST,CHICAGO,IL,60607,Cook
Kennan,Bugge,4530 N LINCOLN AVE,CHICAGO,IL,60625,Cook
Harwell,Giorgini,6355 N MAPLEWOOD AVE,CHICAGO,IL,60659,Cook
Trenton,Mathis,2144-2146 W DIVISION ST,CHICAGO,IL,60622,Cook
Christin,Mellonby,2446 N LARAMIE AVE,CHICAGO,IL,60639,Cook
Deny,Josowitz,6340 N LINCOLN AVE,CHICAGO,IL,60659,Cook
Deborah,Nudd,203 E OHIO ST,CHICAGO,IL,60611,Cook
Farris,Bowman,3258 S PRINCETON AVE,CHICAGO,IL,60616,Cook
Sutton,Lanegran,3741 N SOUTHPORT AVE,CHICAGO,IL,60613,Cook
Dorree,Codrington,4359-61 N MILWAUKEE AVE,CHICAGO,IL,60641,Cook
Iolande,Gouldsmith,1121-23 N STATE ST,CHICAGO,IL,60610,Cook
Salomi,Kiss,3101 S MORGAN ST,CHICAGO,IL,60608,Cook
Meade,Guidoni,3335 N HALSTED ST,CHICAGO,IL,60657,Cook
North,Morden,934-938 W WEBSTER AVE,CHICAGO,IL,60614,Cook
Delphine,Twitchett,465 E ILLINOIS ST,CHICAGO,IL,60611,Cook
Radcliffe,Heskin,958 W WEBSTER AVE,CHICAGO,IL,60614,Cook
Joshua,Whewill,29 W HUBBARD ST,CHICAGO,IL,60610,Cook
Germana,Tomkiss,33 S WABASH AVE,CHICAGO,IL,60603,Cook
Karel,Lockyer,75 E WASHINGTON ST,CHICAGO,IL,60602,Cook
Rozele,Scripps,833-839 W RANDOLPH ST,CHICAGO,IL,60607,Cook
Aime,Tuminelli,185 N FRANKLIN ST,CHICAGO,IL,60606,Cook
Cordy,Batt,1617 N WELLS ST,CHICAGO,IL,60614,Cook
Lind,Cansdill,2833-35 N BROADWAY,CHICAGO,IL,60657,Cook
Alistair,Varnals,3434 S HALSTED ST,CHICAGO,IL,60608,Cook
Jillayne,Lelievre,1461-67 W MONTROSE AVE,CHICAGO,IL,60613,Cook
Brina,Tinham,2121 W DIVISION ST,CHICAGO,IL,60622,Cook
Tuck,Ramme,346 N CLARK ST,CHICAGO,IL,60654,Cook
Lyndsie,Karpol,222 N CANAL ST,CHICAGO,,60606,Cook
Buckie,Gainseford,3019 N BROADWAY,CHICAGO,IL,60657,Cook
Wolfie,Matthieson,5301 S HYDE PARK BLVD,CHICAGO,IL,60615,Cook
Sherm,MacGruer,6 W HUBBARD ST,CHICAGO,IL,60610,Cook
Riki,McIlvaney,958 W ARMITAGE AVE,CHICAGO,IL,60614,Cook
Barny,Mouatt,55 E SUPERIOR ST,CHICAGO,IL,60611,Cook
Florenza,Pountney,2537-2543 N KEDZIE BLVD,CHICAGO,IL,60647,Cook
Lazar,Phipps,825 W FULTON MARKET,CHICAGO,IL,60607,Cook
Trumaine,Staries,211 W ADAMS ST,CHICAGO,IL,60606,Cook
Roanna,Whorlton,1562 N WELLS ST,CHICAGO,IL,60610,Cook
Mavis,McGraith,414 N ORLEANS ST,CHICAGO,IL,60610,Cook
Natividad,Vanichkin,4352 N LEAVITT ST,CHICAGO,IL,60618,Cook
Nicol,Cisec,444 N MICHIGAN AVE,CHICAGO,IL,60611,Cook
Trudi,Schust,412 S MICHIGAN AVE,CHICAGO,IL,60605,Cook
Dina,MacAscaidh,201 N STATE ST,CHICAGO,IL,60601,Cook
Rozanna,Harteley,888 N WABASH AVE,CHICAGO,IL,60611,Cook
Cassondra,Balfe,1408 N MILWAUKEE AVE,CHICAGO,IL,60622,Cook
Silas,Mendel,3411 N BROADWAY,CHICAGO,IL,60657,Cook
Davine,Featherby,731-33 S DEARBORN ST,CHICAGO,IL,60605,Cook
Janaya,Bellerby,909 N MICHIGAN AVE,CHICAGO,IL,60611,Cook
Corella,Gytesham,1812 W MONTROSE AVE,CHICAGO,IL,60613,Cook
Bucky,Quarrington,1156 W GRAND AVE,CHICAGO,IL,60642,Cook
Dottie,Wethered,230 W MONROE ST,CHICAGO,IL,60606,Cook
Norman,Tonry,1547 N MILWAUKEE AVE,CHICAGO,IL,60622,Cook
Malissia,Kirsch,3664 N CLARK ST,CHICAGO,IL,60613,Cook
Yoshi,Lawrence,5600 S PULASKI RD,CHICAGO,IL,60629,Cook
Gene,Dilley,5540 N LINCOLN AVE,CHICAGO,IL,60625,Cook
Hildagard,Joint,2105 S STATE ST,CHICAGO,IL,60616,Cook
Hatty,Woodstock,1530 N MILWAUKEE AVE,CHICAGO,IL,60622,Cook
Bernardo,Perrinchief,21 W ONTARIO ST,CHICAGO,IL,60610,Cook
Almeta,Grigorey,3500 N HALSTED ST,CHICAGO,IL,60657,Cook
Birgit,Lytlle,4553-57 N LINCOLN AVE,CHICAGO,IL,60625,Cook
Barrie,Jagoe,29 W LAKE ST,CHICAGO,IL,60601,Cook
Taite,Whitty,3826 W MONTROSE AVE,CHICAGO,IL,60618,Cook
Nollie,Spada,1816 N CLARK ST,CHICAGO,IL,60614,Cook
Kayla,Extill,1653-1655 W CORTLAND ST,CHICAGO,IL,60622,Cook
Jamey,Hail,8548 S COMMERCIAL AVE,CHICAGO,IL,60617,Cook
Margit,Bosward,1300 N MILWAUKEE AVE,CHICAGO,IL,60622,Cook
Karalynn,Syme,1547-49 N MILWAUKEE AVE,CHICAGO,IL,60622,Cook
Sidonia,Le Maitre,1312 E 53RD ST,CHICAGO,IL,60615,Cook
Davidde,Fayter,151 N MICHIGAN AVE,CHICAGO,IL,60601,Cook
Dell,Craighead,3700 N CLARK ST,CHICAGO,IL,60613,Cook
Francklyn,Rosindill,564 W RANDOLPH ST,CHICAGO,,60661,Cook
Kylynn,Matushevitz,601-05 N STATE ST,CHICAGO,IL,60610,Cook
Lucinda,Chattell,1312 E 53RD ST,CHICAGO,IL,60615,Cook
Winny,Peddar,20 N MICHIGAN AVE,CHICAGO,IL,60602,Cook
Joice,Hugonet,1640 N DAMEN AVE,CHICAGO,IL,60647,Cook
Donnamarie,Sidebottom,1900 W MONTROSE AVE,CHICAGO,IL,60613,Cook
Arvin,Ohanessian,1418 W HOWARD ST,CHICAGO,IL,60626,Cook
Rodney,Spellessy,1801 W DIVISION ST,CHICAGO,IL,60622,Cook
Helsa,Curnokk,4806 N BROADWAY,CHICAGO,IL,60640,Cook
Winifred,Gooderham,100 E CHESTNUT ST,CHICAGO,IL,60611,Cook
Rodi,Milberry,5645 N LINCOLN AVE,CHICAGO,IL,60659,Cook
Godfree,Nunnery,116 S HALSTED ST,CHICAGO,IL,60661,Cook
Maritsa,Badsey,2034 W DIVISION ST,CHICAGO,IL,60622,Cook
Sim,Cristofari,2362-64 N NEVA AVE,CHICAGO,IL,60707,Cook
Appolonia,Lilian,1475 W BALMORAL AVE,CHICAGO,IL,60640,Cook
Skipp,Harwood,1357 W CHICAGO AVE,CHICAGO,IL,60642,Cook
Jourdan,Biddleston,5050 S LAKE SHORE WEST DR,CHICAGO,IL,60615,Cook
Saundra,Wethey,509 N WELLS ST,CHICAGO,IL,60610,Cook