Jacinthe,Aston,622 N FAIRBANKS CT,CHICAGO,IL,60611,Cook
Billie,Porker,3664 N CLARK ST,CHICAGO,IL,60613,Cook
Hy,Shutle,1432 N WESTERN AVE,CHICAGO,IL,60622,Cook
Zarla,Collocott,171 W RANDOLPH ST,CHICAGO,IL,60601,Cook
Laurette,Crossfeld,115 E CHICAGO AVE,CHICAGO,IL,60611,Cook
Selena,O'Hara,945 W RANDOLPH ST,CHICAGO,IL,60607,Cook
Karim,Titterrell,2008 W ROSCOE ST,CHICAGO,IL,60618,Cook
Isador,Carlick,2807 N SHEFFIELD AVE,CHICAGO,IL,60657,Cook
Elliot,Jeandillou,1659 W DIVISION ST,CHICAGO,IL,60622,Cook
Miranda,Galton,3101 S MORGAN ST,CHICAGO,IL,60608,Cook
Abey,Kimblin,1944 N OAKLEY AVE,CHICAGO,IL,60647,Cook
Domini,Ozelton,2679 N LINCOLN AVE,CHICAGO,IL,60614,Cook
Nan,Bruckent,823-825 S STATE ST,CHICAGO,IL,60605,Cook
Barbra,Walcher,39 W DIVISION ST,CHICAGO,IL,60610,Cook
Clio,Curley,1011 W IRVING PARK RD,CHICAGO,IL,60613,Cook
Ravid,Agate,1202 N WELLS ST,CHICAGO,IL,60610,Cook
Bordy,Olivia,2473 N CLARK ST,CHICAGO,IL,60614,Cook
Vivienne,Schmuhl,616 S DEARBORN ST,CHICAGO,IL,60605,Cook
Leopold,Lago,525 S STATE ST,CHICAGO,IL,60605,Cook
Priscella,Accomb,55 E SUPERIOR ST,CHICAGO,IL,60611,Cook
Lana,Caseri,61 E MADISON ST,CHICAGO,IL,60603,Cook
Priscella,Danieli,110 W ILLINOIS ST,CHICAGO,IL,60654,Cook
Rheta,Handscombe,1344 W NEWPORT AVE,CHICAGO,IL,60657,Cook
Alwin,Caulkett,6246 N WESTERN AVE,CHICAGO,IL,60659,Cook
Errick,Gaskell,1836-1846 W DIVISION ST,CHICAGO,IL,60622,Cook
Guglielmo,Abbey,545 W MADISON ST,CHICAGO,IL,60661,Cook
Madelle,Scutching,5233 N DAMEN AVE,CHICAGO,IL,60625,Cook
Bernadette,Druitt,937 N RUSH ST,CHICAGO,IL,60611,Cook
Bill,O'Sullivan,22 E HUBBARD ST,CHICAGO,IL,60611,Cook
Lanie,Ickovits,4245 N MILWAUKEE AVE,CHICAGO,IL,60641,Cook
