Irita,Riccelli,445 N DEARBORN ST,CHICAGO,IL,60610,Cook
Leah,Barnes,1600 W GRAND AVE,CHICAGO,IL,60622,Cook
Irvine,Grunguer,2116 W ROSCOE ST,CHICAGO,IL,60618,Cook
Torrance,Kliment,110 E PEARSON ST,CHICAGO,IL,60611,Cook
Elicia,Hryniewicki,177 N WELLS ST,CHICAGO,IL,60606,Cook
Lizzie,Balint,1139 N STATE ST,CHICAGO,IL,60610,Cook
Kaela,Guerreiro,1801 W DIVISION ST,CHICAGO,IL,60622,Cook
Karia,Thickins,1711 N HALSTED ST,CHICAGO,IL,60614,Cook
Corilla,Zammett,2301 W CHICAGO AVE,CHICAGO,IL,60622,Cook
Bone,Newvill,2252 N WESTERN AVE,CHICAGO,IL,60647,Cook
Oneida,Chichgar,608 W 31ST ST,CHICAGO,IL,60616,Cook
Bentlee,Faldo,521 S DEARBORN ST,CHICAGO,IL,60605,Cook
Rossy,Garvin,230 W KINZIE ST,CHICAGO,IL,60610,Cook
Sawyere,Tomaszkiewicz,2955 N SHEFFIELD AVE,CHICAGO,IL,60657,Cook
Celestina,Pottery,3311 N BROADWAY,CHICAGO,IL,60657,Cook
Barnie,Razzell,354 W HUBBARD ST,CHICAGO,IL,60654,Cook
Baxie,O'Canavan,1635 N DAMEN AVE,CHICAGO,IL,60647,Cook
Hewett,Muddiman,331 S FRANKLIN ST,CHICAGO,IL,60606,Cook
Angelina,Helder,219 W WASHINGTON ST,CHICAGO,IL,60606,Cook
Lonna,Dykas,2835 N BROADWAY,CHICAGO,IL,60657,Cook
Franchot,Python,1928 W DIVISION ST,CHICAGO,IL,60622,Cook
Sayers,Skillicorn,2732 N MILWAUKEE AVE,CHICAGO,IL,60647,Cook
Monique,Kevern,565 W DIVERSEY PKWY,CHICAGO,IL,60614,Cook
Carly,Andrus,5653 W FULLERTON AVE,CHICAGO,IL,60639,Cook
Etienne,Rothera,1914 W MONTROSE AVE,CHICAGO,IL,60613,Cook
Umberto,Manilove,1010 W WASHINGTON BLVD,CHICAGO,IL,60607,Cook
Janot,Leetham,445 N DEARBORN ST,CHICAGO,IL,60610,Cook
Vasily,Bockler,4367 N MILWAUKEE AVE,CHICAGO,IL,60641,Cook
Avril,Storcke,5317 N CLARK ST,CHICAGO,IL,60640,Cook
Natalya,Busson,733 W MAXWELL ST,CHICAGO,IL,60607,Cook
