Hatty,Paten,3358 N SHEFFIELD AVE,CHICAGO,IL,60657,Cook
Linell,Rulten,3301 N CLARK ST,CHICAGO,IL,60657,Cook
Gisele,Hawler,611 S WELLS ST,CHICAGO,IL,60607,Cook
Levy,McComb,3336-3342 N MILWAUKEE AVE,CHICAGO,IL,60641,Cook
Averil,Boydon,3530 N CLARK ST,CHICAGO,IL,60657,Cook
Beryle,Bourthoumieux,1448 N WELLS ST,CHICAGO,IL,60610,Cook
Gordie,Calderbank,1035 N ASHLAND AVE,CHICAGO,IL,60622,Cook
Christophe,Haile,138 S HALSTED ST,CHICAGO,IL,60661,Cook
Myrtice,Friend,1240 N WELLS ST,CHICAGO,IL,60610,Cook
Demetri,Grgic,3706 N SOUTHPORT AVE,CHICAGO,IL,60613,Cook
Gherardo,Goodenough,2100 N HALSTED ST,CHICAGO,IL,60614,Cook
Dar,Giffard,29 W LAKE ST,CHICAGO,IL,60601,Cook
Zaccaria,Ollive,3356-3358 N PAULINA ST,CHICAGO,IL,60657,Cook
Gerrie,Lygoe,1031 N RUSH ST,CHICAGO,IL,60611,Cook
Horacio,Gianinotti,1139 N STATE ST,CHICAGO,IL,60610,Cook
Christa,Barrar,2753 N WESTERN AVE,CHICAGO,IL,60647,Cook
Chad,Libero,800 W RANDOLPH ST,CHICAGO,IL,60607,Cook
Corena,Fahy,1501 E 53RD ST,CHICAGO,IL,60615,Cook
Rheba,Skelly,1139-43 W GRAND AVE,CHICAGO,IL,60642,Cook
Vite,Prestwich,401 E ONTARIO ST,CHICAGO,IL,60611,Cook
Nelly,Basnett,1021 N WESTERN AVE,CHICAGO,IL,60622,Cook
Johannah,Antley,952-956 W ADDISON ST,CHICAGO,IL,60613,Cook
Vanni,Yeell,550 N STATE ST,CHICAGO,IL,60610,Cook
Frans,Aglione,106-108 W GERMANIA PL,CHICAGO,IL,60610,Cook
Wat,Antonescu,50 E CHICAGO AVE,CHICAGO,IL,60611,Cook
Sibelle,Charpling,710 N RUSH ST,CHICAGO,IL,60611,Cook
Allan,Town,4709 N DAMEN AVE,CHICAGO,IL,60625,Cook
Edi,Wint,4925 N BROADWAY,CHICAGO,IL,60640,Cook
Kahaleel,Rospars,1500 W JARVIS AVE,CHICAGO,IL,60626,Cook
Bessie,Grishakov,5806 N WESTERN AVE,CHICAGO,IL,60659,Cook
