Shawn,Wilshin,541 N WELLS ST,CHICAGO,IL,60610,Cook
Lynda,Elles,180 W WASHINGTON ST,CHICAGO,IL,60602,Cook
Kirsten,Yvens,5101 N CLARK ST,CHICAGO,IL,60640,Cook
Idell,Roelofs,1459 W TAYLOR ST,CHICAGO,IL,60607,Cook
Jordana,Southan,150 N DEARBORN ST,CHICAGO,IL,60601,Cook
Joannes,Cholomin,1645 W CORTLAND ST,CHICAGO,IL,60622,Cook
Lanny,Patman,29 W HUBBARD ST,CHICAGO,IL,60610,Cook
Rudy,Combe,752-756 W WEBSTER AVE,CHICAGO,IL,60614,Cook
Emelen,Cawkill,608 W BARRY AVE,CHICAGO,IL,60657,Cook
Pippa,Peet,1049 W TAYLOR ST,CHICAGO,IL,60607,Cook
Cyndy,Gooch,2360 N LINCOLN AVE,CHICAGO,IL,60614,Cook
Noreen,Cockton,6340 N LINCOLN AVE,CHICAGO,IL,60659,Cook
Norri,Applegate,3019 N BROADWAY,CHICAGO,IL,60657,Cook
Sharline,Gypps,4359-61 N MILWAUKEE AVE,CHICAGO,IL,60641,Cook
Antone,Lyptrade,700 W 31ST ST,CHICAGO,IL,60616,Cook
Wittie,Dawidowitsch,2951 N BROADWAY,CHICAGO,IL,60657,Cook
Humfrid,Bines,1635 N DAMEN AVE,CHICAGO,IL,60647,Cook
Ardelis,MacKniely,1924 W DIVISION ST,CHICAGO,IL,60622,Cook
Tobye,Ivanets,1707 W DIVISION ST,CHICAGO,IL,60622,Cook
Anestassia,Gadsby,1332 N MILWAUKEE AVE,CHICAGO,IL,60642,Cook
Caren,Gibbie,401 E ONTARIO ST,CHICAGO,IL,60611,Cook
Dorri,Crush,3734-3736 N BROADWAY,CHICAGO,IL,60613,Cook
Cicily,Bretherton,958 W ARMITAGE AVE,CHICAGO,IL,60614,Cook
Benedict,Boc,1035 N ASHLAND AVE,CHICAGO,IL,60622,Cook
Pollyanna,Brookwood,1522-1526 W MONTROSE AVE,CHICAGO,IL,60613,Cook
Minda,Manifould,44 E WALTON ST,CHICAGO,IL,60611,Cook
Jodi,Pietruszewicz,4356 N LEAVITT ST,CHICAGO,IL,60618,Cook
Karyl,Bullus,770 N MILWAUKEE AVE,CHICAGO,IL,60642,Cook
Elwood,DelaField,1754 W BALMORAL AVE,CHICAGO,IL,60640,Cook
Jae,McNickle,3308 N BROADWAY,CHICAGO,IL,60657,Cook
