Hayley,Drew,1617 N WELLS ST,CHICAGO,IL,60614,Cook
Lind,McComas,820 W RANDOLPH ST,CHICAGO,IL,60607,Cook
Zacherie,Bustin,203 N WABASH AVE,CHICAGO,IL,60601,Cook
Sher,Quennell,40 W LAKE ST,CHICAGO,IL,60601,Cook
Townsend,Taggerty,1615 N WELLS ST,CHICAGO,IL,60614,Cook
Linn,Tomasello,200 S HALSTED ST,CHICAGO,IL,60661,Cook
Jarid,Kilford,2101 W ARMITAGE AVE,CHICAGO,IL,60647,Cook
Dedie,Stanford,2534 W DIVISION ST,CHICAGO,IL,60622,Cook
Karine,Cowin,420 N CLARK ST,CHICAGO,IL,60610,Cook
Dennie,Bulch,546 N WELLS ST,CHICAGO,IL,60610,Cook
Kimbra,Grollmann,1112 W ARMITAGE AVE,CHICAGO,IL,60614,Cook
Brandyn,Posten,44 S WABASH AVE,CHICAGO,IL,60603,Cook
Lyndsey,Aylwin,838 N STATE ST,CHICAGO,IL,60610,Cook
Alejandra,Marquand,175 W JACKSON BLVD,CHICAGO,IL,60604,Cook
Sauncho,Cootes,26-30 W HUBBARD ST,CHICAGO,IL,60610,Cook
Hesther,Wilks,2833-35 N BROADWAY,CHICAGO,IL,60657,Cook
Barth,Chapman,3400 N SOUTHPORT AVE,CHICAGO,IL,60657,Cook
Berna,Cheesley,1011 W IRVING PARK RD,CHICAGO,IL,60613,Cook
Anna,Clemanceau,3701 N BROADWAY,CHICAGO,IL,60613,Cook
Tarrah,Brimming,937 N RUSH ST,CHICAGO,IL,60611,Cook
Bridgette,Suett,224 S MICHIGAN AVE,CHICAGO,IL,60604,Cook
Travus,McKinlay,332 E ILLINOIS ST,CHICAGO,IL,60611,Cook
Danette,Andryushchenko,41 E CHESTNUT ST,CHICAGO,IL,60611,Cook
West,Juleff,770 N MILWAUKEE AVE,CHICAGO,IL,60642,Cook
Kati,Stanney,2801 W CHICAGO AVE,CHICAGO,IL,60622,Cook
Davin,Vischi,3308 N BROADWAY,CHICAGO,IL,60657,Cook
Carlene,Beechcraft,1307 S WABASH AVE,CHICAGO,IL,60605,Cook
Cherise,Barok,520 N DEARBORN ST,CHICAGO,IL,60610,Cook
Dunstan,Oldcroft,1535 N WELLS ST,CHICAGO,IL,60610,Cook
Simonette,Plesing,3700 N CLARK ST,CHICAGO,IL,60613,Cook
