Carilyn,Cauthra,224 S MICHIGAN AVE,CHICAGO,IL,60604,Cook
Alexei,Twigg,4089-91 N BROADWAY,CHICAGO,IL,60613,Cook
Lowell,Yewdall,116 S HALSTED ST,CHICAGO,IL,60661,Cook
Weylin,Bodleigh,1528 N WELLS ST,CHICAGO,IL,60610,Cook
Willy,Gansbuhler,610 S DEARBORN ST,CHICAGO,IL,60605,Cook
Lita,Ferenczy,189 N MICHIGAN AVE,CHICAGO,IL,60601,Cook
Keven,Wyse,6004 W BELMONT AVE,CHICAGO,IL,60634,Cook
Gusti,Everton,3937 N LINCOLN AVE,CHICAGO,IL,60613,Cook
Ashlee,Golsby,1622 W BELMONT AVE,CHICAGO,IL,60657,Cook
Ingaborg,De Witt,57 E CHICAGO AVE,CHICAGO,IL,60611,Cook
Jeffry,Shipman,2022 W ROSCOE ST,CHICAGO,IL,60618,Cook
Arlina,Syder,44 S WABASH AVE,CHICAGO,IL,60603,Cook
Tedd,Carlow,1355 S MICHIGAN AVE,CHICAGO,IL,60605,Cook
Tracy,Bellingham,1417-1419 N WELLS ST,CHICAGO,IL,60610,Cook
Ebonee,Beddard,1616 N DAMEN AVE,CHICAGO,IL,60647,Cook
Lucienne,Tinwell,3341 N LINCOLN AVE,CHICAGO,IL,60657,Cook
Sterne,Birkin,1535 N WELLS ST,CHICAGO,IL,60610,Cook
Fabe,Medgewick,1301 S WABASH AVE,CHICAGO,IL,60605,Cook
Ingra,Escritt,1437 N WELLS ST,CHICAGO,IL,60610,Cook
Karrah,Geal,3856 N ASHLAND AVE,CHICAGO,IL,60613,Cook
Abbot,Suttling,339 N DEARBORN ST,CHICAGO,IL,60654,Cook
Elvis,Merrill,1028 N RUSH ST,CHICAGO,IL,60611,Cook
Michel,O'Crevan,3937 N LINCOLN AVE,CHICAGO,IL,60613,Cook
Carrie,Tire,2607 N MILWAUKEE AVE,CHICAGO,IL,60647,Cook
Sascha,Lawful,3715-17 N HALSTED ST,CHICAGO,IL,60613,Cook
Beth,Dresche,3868 N LINCOLN AVE,CHICAGO,IL,60613,Cook
Gweneth,Lamplugh,4337 N LINCOLN AVE,CHICAGO,IL,60618,Cook
Emmy,Laight,1480 W WEBSTER AVE,CHICAGO,IL,60614,Cook
Babs,Middleweek,1535 N WELLS ST,CHICAGO,IL,60610,Cook
Rutledge,Andreone,75 E WACKER DR,CHICAGO,IL,60601,Cook
