Sofia,Bussell,901-03 W ARMITAGE AVE,CHICAGO,IL,60614,Cook
Stanley,Rawet,323-25 N JEFFERSON ST,CHICAGO,IL,60661,Cook
Gabriel,Bathurst,1914 W MONTROSE AVE,CHICAGO,IL,60613,Cook
Curcio,Haggas,1325 S HALSTED ST,CHICAGO,IL,60607,Cook
Kennan,Bugge,4530 N LINCOLN AVE,CHICAGO,IL,60625,Cook
Harwell,Giorgini,6355 N MAPLEWOOD AVE,CHICAGO,IL,60659,Cook
Trenton,Mathis,2144-2146 W DIVISION ST,CHICAGO,IL,60622,Cook
Christin,Mellonby,2446 N LARAMIE AVE,CHICAGO,IL,60639,Cook
Deny,Josowitz,6340 N LINCOLN AVE,CHICAGO,IL,60659,Cook
Deborah,Nudd,203 E OHIO ST,CHICAGO,IL,60611,Cook
Farris,Bowman,3258 S PRINCETON AVE,CHICAGO,IL,60616,Cook
Sutton,Lanegran,3741 N SOUTHPORT AVE,CHICAGO,IL,60613,Cook
Dorree,Codrington,4359-61 N MILWAUKEE AVE,CHICAGO,IL,60641,Cook
Iolande,Gouldsmith,1121-23 N STATE ST,CHICAGO,IL,60610,Cook
Salomi,Kiss,3101 S MORGAN ST,CHICAGO,IL,60608,Cook
Meade,Guidoni,3335 N HALSTED ST,CHICAGO,IL,60657,Cook
North,Morden,934-938 W WEBSTER AVE,CHICAGO,IL,60614,Cook
Delphine,Twitchett,465 E ILLINOIS ST,CHICAGO,IL,60611,Cook
Radcliffe,Heskin,958 W WEBSTER AVE,CHICAGO,IL,60614,Cook
Joshua,Whewill,29 W HUBBARD ST,CHICAGO,IL,60610,Cook
Germana,Tomkiss,33 S WABASH AVE,CHICAGO,IL,60603,Cook
Karel,Lockyer,75 E WASHINGTON ST,CHICAGO,IL,60602,Cook
Rozele,Scripps,833-839 W RANDOLPH ST,CHICAGO,IL,60607,Cook
Aime,Tuminelli,185 N FRANKLIN ST,CHICAGO,IL,60606,Cook
Cordy,Batt,1617 N WELLS ST,CHICAGO,IL,60614,Cook
Lind,Cansdill,2833-35 N BROADWAY,CHICAGO,IL,60657,Cook
Alistair,Varnals,3434 S HALSTED ST,CHICAGO,IL,60608,Cook
Jillayne,Lelievre,1461-67 W MONTROSE AVE,CHICAGO,IL,60613,Cook
Brina,Tinham,2121 W DIVISION ST,CHICAGO,IL,60622,Cook
Tuck,Ramme,346 N CLARK ST,CHICAGO,IL,60654,Cook
