Lyndsie,Karpol,222 N CANAL ST,CHICAGO,IL,60606,Cook
Buckie,Gainseford,3019 N BROADWAY,CHICAGO,IL,60657,Cook
Wolfie,Matthieson,5301 S HYDE PARK BLVD,CHICAGO,IL,60615,Cook
Sherm,MacGruer,6 W HUBBARD ST,CHICAGO,IL,60610,Cook
Riki,McIlvaney,958 W ARMITAGE AVE,CHICAGO,IL,60614,Cook
Barny,Mouatt,55 E SUPERIOR ST,CHICAGO,IL,60611,Cook
Florenza,Pountney,2537-2543 N KEDZIE BLVD,CHICAGO,IL,60647,Cook
Lazar,Phipps,825 W FULTON MARKET,CHICAGO,IL,60607,Cook
Trumaine,Staries,211 W ADAMS ST,CHICAGO,IL,60606,Cook
Roanna,Whorlton,1562 N WELLS ST,CHICAGO,IL,60610,Cook
Mavis,McGraith,414 N ORLEANS ST,CHICAGO,IL,60610,Cook
Natividad,Vanichkin,4352 N LEAVITT ST,CHICAGO,IL,60618,Cook
Nicol,Cisec,444 N MICHIGAN AVE,CHICAGO,IL,60611,Cook
Trudi,Schust,412 S MICHIGAN AVE,CHICAGO,IL,60605,Cook
Dina,MacAscaidh,201 N STATE ST,CHICAGO,IL,60601,Cook
Rozanna,Harteley,888 N WABASH AVE,CHICAGO,IL,60611,Cook
Cassondra,Balfe,1408 N MILWAUKEE AVE,CHICAGO,IL,60622,Cook
Silas,Mendel,3411 N BROADWAY,CHICAGO,IL,60657,Cook
Davine,Featherby,731-33 S DEARBORN ST,CHICAGO,IL,60605,Cook
Janaya,Bellerby,909 N MICHIGAN AVE,CHICAGO,IL,60611,Cook
Corella,Gytesham,1812 W MONTROSE AVE,CHICAGO,IL,60613,Cook
Bucky,Quarrington,1156 W GRAND AVE,CHICAGO,IL,60642,Cook
Dottie,Wethered,230 W MONROE ST,CHICAGO,IL,60606,Cook
Norman,Tonry,1547 N MILWAUKEE AVE,CHICAGO,IL,60622,Cook
Malissia,Kirsch,3664 N CLARK ST,CHICAGO,IL,60613,Cook
Yoshi,Lawrence,5600 S PULASKI RD,CHICAGO,IL,60629,Cook
Gene,Dilley,5540 N LINCOLN AVE,CHICAGO,IL,60625,Cook
Hildagard,Joint,2105 S STATE ST,CHICAGO,IL,60616,Cook
Hatty,Woodstock,1530 N MILWAUKEE AVE,CHICAGO,IL,60622,Cook
Bernardo,Perrinchief,21 W ONTARIO ST,CHICAGO,IL,60610,Cook
