Almeta,Grigorey,3500 N HALSTED ST,CHICAGO,IL,60657,Cook
Birgit,Lytlle,4553-57 N LINCOLN AVE,CHICAGO,IL,60625,Cook
Barrie,Jagoe,29 W LAKE ST,CHICAGO,IL,60601,Cook
Taite,Whitty,3826 W MONTROSE AVE,CHICAGO,IL,60618,Cook
Nollie,Spada,1816 N CLARK ST,CHICAGO,IL,60614,Cook
Kayla,Extill,1653-1655 W CORTLAND ST,CHICAGO,IL,60622,Cook
Jamey,Hail,8548 S COMMERCIAL AVE,CHICAGO,IL,60617,Cook
Margit,Bosward,1300 N MILWAUKEE AVE,CHICAGO,IL,60622,Cook
Karalynn,Syme,1547-49 N MILWAUKEE AVE,CHICAGO,IL,60622,Cook
Sidonia,Le Maitre,1312 E 53RD ST,CHICAGO,IL,60615,Cook
Davidde,Fayter,151 N MICHIGAN AVE,CHICAGO,IL,60601,Cook
Dell,Craighead,3700 N CLARK ST,CHICAGO,IL,60613,Cook
Francklyn,Rosindill,564 W RANDOLPH ST,CHICAGO,,60661,Cook
Kylynn,Matushevitz,601-05 N STATE ST,CHICAGO,IL,60610,Cook
Lucinda,Chattell,1312 E 53RD ST,CHICAGO,IL,60615,Cook
Winny,Peddar,20 N MICHIGAN AVE,CHICAGO,IL,60602,Cook
Joice,Hugonet,1640 N DAMEN AVE,CHICAGO,IL,60647,Cook
Donnamarie,Sidebottom,1900 W MONTROSE AVE,CHICAGO,IL,60613,Cook
Arvin,Ohanessian,1418 W HOWARD ST,CHICAGO,IL,60626,Cook
Rodney,Spellessy,1801 W DIVISION ST,CHICAGO,IL,60622,Cook
Helsa,Curnokk,4806 N BROADWAY,CHICAGO,IL,60640,Cook
Winifred,Gooderham,100 E CHESTNUT ST,CHICAGO,IL,60611,Cook
Rodi,Milberry,5645 N LINCOLN AVE,CHICAGO,IL,60659,Cook
Godfree,Nunnery,116 S HALSTED ST,CHICAGO,IL,60661,Cook
Maritsa,Badsey,2034 W DIVISION ST,CHICAGO,IL,60622,Cook
Sim,Cristofari,2362-64 N NEVA AVE,CHICAGO,IL,60707,Cook
Appolonia,Lilian,1475 W BALMORAL AVE,CHICAGO,IL,60640,Cook
Skipp,Harwood,1357 W CHICAGO AVE,CHICAGO,IL,60642,Cook
Jourdan,Biddleston,5050 S LAKE SHORE WEST DR,CHICAGO,IL,60615,Cook
Saundra,Wethey,509 N WELLS ST,CHICAGO,IL,60610,Cook